,algo,ovlp-P,ovlp-R,ovlp-F,sovl-P,sovl-R,sovl-F,dtct-P,dtct-R,dtct-F
0,seqRecur,0.7462516707662588,0.7916456367210473,0.743210611767,0.7462516707662588,0.8009053757944341,0.749917487384963,0.25757575757575757,0.4090909090909091,0.3060606060606061
0,sf,0.7352640650376578,0.9083339159301557,0.7864589554609936,0.7352640650376578,0.9192588956919988,0.7916821678633778,0.7575757575757577,0.7954545454545454,0.7712121212121213
0,highlighter,0.7227272727272728,0.25333654244089937,0.37029820096306226,0.7227272727272728,0.4407476952577353,0.5278094743962095,0.3181818181818182,0.1590909090909091,0.2121212121212121
