,algo,ovlp-P,ovlp-R,ovlp-F,sovl-P,sovl-R,sovl-F,dtct-P,dtct-R,dtct-F
0,seqRecur,0.7826760877065747,0.7162889679741484,0.734271834953448,0.7749214939862673,0.7381529763934263,0.7387256850564696,0.4192857142857143,0.43916666666666665,0.4226190476190476
0,seqRecur+,0.8624805214249337,0.8971466172528141,0.8711701667686285,0.8479348265276041,0.9009732693677087,0.862922257468227,0.5916666666666666,0.6049999999999999,0.593452380952381
0,seqRecurS,0.8109905522288756,0.3138058657134702,0.44269254250376144,0.7790685296074515,0.7278109296347863,0.7382746741768861,0.4,0.145,0.20833333333333331
